Habitat,Latitude,Longitude,Water_cont,Silt/clay content,NDVI,Inundation proportion,AL,TA,XF,PA,PI,HF,MB
Mangroves,25.150388,121.45705,0.680472907,0.262969791,0.82245433,0.016714433,0,0,0,1,1,0,0
Mangroves,24.195156,120.507047,0.497526909,0.502324312,0.6174268,0.098298115,0,1,0,1,0,0,0
Mangroves,24.396962,120.595306,0.627862875,0.227324015,0.640853,0.098298115,1,1,0,0,1,1,0
Mangroves,23.36065,120.13003,0.348229374,0.033176932,0.39981532,0.559032577,1,0,0,0,0,0,0
Mangroves,24.195338,120.507982,0.138001379,0.443319317,0.27306968,0.098298115,1,1,0,1,1,0,0
Mangroves,24.195387,120.508028,0.309524722,0.38047853,0.27306968,0.098298115,1,1,0,1,0,1,0
Poaceae,24.31673,120.550133,0.470639068,0.381647259,0.22280887,0.023464007,1,1,1,1,1,0,1
Mangroves,23.93426,120.316288,0.587770444,0.408137761,0.8341075,0.098298115,0,1,0,1,1,0,0
Poaceae,24.319341,120.550441,0.27515105,0.492736979,0.2662474,0.023464007,1,1,0,1,0,0,0
Bare mudflat,23.36028,120.13006,0.271132794,0.007277452,0.23055683,0.00119694,0,0,0,0,0,0,0
Mangroves,23.932834,120.314947,0.400529253,0.528716057,0.83497053,0.098298115,0,1,0,1,1,0,0
Mangroves,23.929728,120.313337,0.499759203,0.473295821,0.8303249,0.104428087,0,0,0,1,1,0,0
Mangroves,23.93119,120.314026,0.628591755,0.382633839,0.51195496,0.168372473,0,1,0,0,1,0,0
Mangroves,23.325758,120.139264,0.080946033,0.632528142,0.4560419,0.098298115,0,1,0,1,0,0,0
Bare mudflat,23.325613,120.139171,0.295801349,0.464141334,0.29224905,0.00478051,0,1,0,1,1,0,1
Mangroves,23.36098,120.1302,0.257877082,0.127296752,0.24287222,0.559032577,1,1,0,0,1,0,0
Bare mudflat,23.36108,120.13036,0.353620524,0.02357522,0.21691974,0.153541461,1,0,0,0,0,0,0
Poaceae,24.37038,120.581606,0.256180165,0.296370744,0.15778251,0.065048544,1,1,0,1,1,0,0
Mangroves,24.370299,120.581634,0.235806899,0.084020859,0.20041753,0.081728565,1,0,0,1,1,0,0
Mangroves,23.36038,120.13006,0.311482451,0.021261754,0.5616798,0.559032577,1,0,0,1,1,0,0
Mangroves,23.225797,120.085361,0.322286571,0.115194805,0.36270493,0.431026581,0,0,0,0,1,0,0
Mangroves,24.396811,120.595526,0.642915279,0.346394406,0.741068,0.098298115,0,1,0,0,1,1,0
Poaceae,24.319839,120.550554,0.3352156,0.437020813,0.4187884,0.023464007,1,1,0,1,0,0,0
Mangroves,24.194367,120.508674,0.236449778,0.150424101,0.54821664,0.098298115,0,1,0,1,1,0,0
Mangroves,24.010334,120.3534802,0.349292049,0.171181465,0.20665742,0.268280982,0,0,0,0,1,0,0
Mangroves,24.19444355,120.5091692,0.303463447,0.4996,0.495285153,0.116963192,0,1,0,1,1,0,1
Bare mudflat,23.9296612,120.3135619,0.354685875,0.377238098,0.26241136,0.104428087,1,1,0,1,0,0,1
Mangroves,24.301856,120.546185,0.2808075,0.638412216,0.37449664,0.033321871,1,1,0,1,1,0,0
Mangroves,24.301747,120.546146,0.266426536,0.317065761,0.37173477,0.033321871,1,1,0,1,1,0,0
Poaceae,24.317162,120.549709,0.308600795,0.308488177,-0.010014306,0.040944521,1,0,0,1,0,0,0
Mangroves,24.397149,120.59505,0.455772879,0.254392202,0.67887324,0.098298115,1,1,0,0,1,0,0
Mangroves,23.325916,120.139276,0.386104522,0.431897225,0.3588741,0.098298115,0,1,0,1,0,0,0
Mangroves,24.194679,120.508364,0.320488028,0.382334108,0.20222317,0.098298115,1,1,0,1,0,0,0
Poaceae,24.319469,120.550732,0.279961577,0.395067005,0.43015727,0.022604226,0,0,0,1,0,0,0
Mangroves,24.302009,120.546149,0.336201391,0.441103328,0.35680434,0.033321871,1,1,0,1,0,0,0
Mangroves,24.302097,120.546017,0.305626524,0.307489502,0.3376206,0.033321871,0,1,0,1,1,0,0
Mangroves,24.194506,120.50687,0.400147154,0.40399557,0.51892745,0.087035979,0,1,0,1,1,0,0
Mangroves,23.934953,120.317903,0.516335079,0.327629227,0.75358933,0.098298115,0,0,0,1,1,0,0
Bare mudflat,23.9348389,120.3180143,0.216546233,0.299706576,0.33697134,0.005631499,1,1,1,1,0,0,0
Poaceae,24.320073,120.55072,0.260674565,0.387112227,0.46354637,0.022604226,0,1,0,1,0,0,0
Sporobolus spp,24.315039,120.550513,0.306811965,0.359212564,0.13536201,0.098298115,1,1,1,1,0,1,0
Bare mudflat,23.450088,120.179581,0.299205948,0.236341506,0.11170929,0.004792002,1,1,0,0,0,0,1
Mangroves,24.397396,120.59477,0.299803683,0.183814625,0.56153053,0.098298115,1,1,0,0,1,0,0
Mangroves,23.325845,120.139385,0.439246075,0.499711365,0.39939025,0.098298115,0,0,0,0,1,0,0
Mangroves,24.369999,120.581852,0.314171106,0.273691141,0.33968255,0.081728565,1,1,0,1,1,0,0
Mangroves,24.301528,120.545784,0.284835906,0.290596169,0.23918448,0.091540157,1,0,1,1,0,0,0
Bare mudflat,24.19545,120.507878,0.272857118,0.434163637,0.24675325,0.001341128,0,1,1,0,1,0,0
Mangroves,24.195575,120.507985,0.273649736,0.34392736,0.36495888,0.098298115,1,1,1,0,0,1,0
Mangroves,24.178332,120.510453,0.56036332,0.337373108,0.30604288,0.031501999,0,1,0,1,1,0,0
Bare mudflat,24.318388,120.550547,0.29418351,0.787309195,0.2537613,0.023464007,1,1,1,1,0,0,1
Bare mudflat,24.178538,120.509813,0.323883729,0.428126886,0.16891892,0.006681896,1,1,0,1,0,1,0
Mangroves,23.449258,120.179553,0.423268903,0.645233137,0.38360116,0.116076764,0,0,0,1,1,0,0
Bare mudflat,24.299295,120.545959,0.230043796,0.269246872,0.09239408,0.001040646,1,0,1,0,0,0,0
Bare mudflat,24.179282,120.508717,0.278402525,0.509353448,0.17540984,0.006681896,0,0,1,0,0,1,0
Bare mudflat,23.9312204,120.3142941,0.254128128,0.413202546,0.19950227,0.168372473,1,1,0,1,0,0,0
Poaceae,24.31931389,120.5516528,0.303463447,0.5596,0.399603202,0.098298115,0,0,0,1,0,0,0
Bare mudflat,23.89995,120.300017,0.515064637,0.1678275,0.397107086,0.004538246,0,0,0,0,0,0,1
Bare mudflat,24.298843,120.545801,0.264853471,0.313763506,0.04942966,0.005864349,1,0,1,0,0,1,0
Bare mudflat,24.19055173,120.5147258,0.303463447,0.3996,0.393161469,0.000691075,0,1,0,1,0,0,0
Mangroves,24.194497,120.506153,0.282944976,0.337889085,0.25135624,0.087035979,0,1,0,1,1,0,0
Mangroves,23.450544,120.179604,0.325417441,0.333437841,0.40226415,0.11405424,0,1,0,1,1,0,0
Bare mudflat,24.30706,120.54822,0.326473191,0.355349075,0.376584227,0.098298115,1,1,0,0,0,0,0
Bare mudflat,24.179917,120.472917,0.32477632,0.3142,0.365873075,0.00134753,0,1,0,0,0,0,1
Poaceae,24.316929,120.550032,0.346640148,0.263526715,-0.015983323,0.023464007,0,1,0,0,0,0,1
Bare mudflat,24.16893,120.51639,0.4541,0.147772154,0.358611801,0.098298115,1,1,0,0,0,0,0
Sporobolus spp,24.194172,120.506619,0.277647883,0.641942259,0.33573034,0.016116505,1,1,0,1,0,0,0
Sporobolus spp,24.311234,120.550071,0.349384604,0.4764809,0.21428572,0.098298115,1,1,1,0,0,1,0
Bare mudflat,24.189033,120.48,0.285483944,0.1076,0.354743637,0.005173848,0,0,0,0,0,0,1
Poaceae,24.318582,120.550494,0.287342516,0.431989964,0.15711252,0.023464007,1,1,0,1,0,0,1
Bare mudflat,24.196467,120.505783,0.494660156,0.3966,0.352098642,0.00134753,0,1,0,0,0,0,1
Sporobolus spp,24.323567,120.551849,0.283198809,0.271028713,0.17087102,0.002120587,0,1,0,1,0,0,1
Bare mudflat,24.19545,120.486183,0.308854632,0.0748,0.345308357,0.00134753,0,0,0,0,0,0,0
Bare mudflat,24.370324,120.581358,0.250632558,0.35998034,0.16767189,0.09351215,0,1,0,0,0,0,1
Bare mudflat,24.207017,120.483233,0.250174676,0.1136,0.33592964,0.00134753,1,0,0,0,0,0,0
Bare mudflat,24.162733,120.4648,0.225733172,0.2778,0.334137638,0.00134753,1,1,0,0,0,1,0
Bare mudflat,24.16645,120.46182,0.3147,0.063663723,0.331525902,0.007704749,1,0,0,0,0,0,0
Bare mudflat,24.164983,120.46655,0.289411323,0.4384,0.331118329,0.005173848,1,1,0,0,0,0,0
Poaceae,24.318914,120.549598,0.30318931,0.299899778,0.30165288,0.040531866,0,1,0,1,1,0,1
Bare mudflat,23.4595,120.17608,0.285,0.98,0.326512795,0.098298115,0,0,0,0,0,1,0
Sporobolus spp,24.370419,120.581202,0.27076052,0.263828011,0.17278747,0.107416323,1,1,0,1,0,0,0
Bare mudflat,24.370349,120.581262,0.247156876,0.257060937,0.24971494,0.09351215,1,1,0,0,0,1,1
Bare mudflat,24.17828,120.50999,0.4104,0.173656713,0.316651519,0.000691075,0,1,0,0,0,1,0
Bare mudflat,24.1606,120.463017,0.229968271,0.159,0.316627364,0.00134753,1,1,0,0,0,0,0
Bare mudflat,24.32343,120.55228,0.27318281,0.0160925,0.316436044,0.00147646,0,0,0,0,1,0,0
Bare mudflat,24.32437,120.55209,0.233809609,0.061520082,0.310939967,0.054712542,1,0,0,0,0,0,0
Mangroves,24.31971944,120.5506111,0.303463447,0.4796,0.309161311,0.025829535,0,0,0,0,1,0,0
Bare mudflat,24.372093,120.579514,0.241275885,0.305534079,0.035551503,0.006499143,1,0,0,0,0,0,1
Mangroves,24.301484,120.545604,0.452209934,0.157345919,0.2779747,0.091540157,1,1,0,1,0,0,0
Mangroves,24.301249,120.545834,0.260893577,0.570649292,0.32009456,0.091540157,1,1,0,1,0,0,0
Poaceae,24.323611,120.552562,0.363948312,0.405499731,0.1639136,0.013687561,1,0,0,1,0,0,0
Poaceae,24.320663,120.550438,0.559049077,0.391600788,0.24352331,0.022604226,0,1,0,1,0,1,0
Bare mudflat,24.163899,120.465582,0.323577474,0.496904424,0.13441373,0.001341128,1,1,1,0,0,1,0
Bare mudflat,24.178954,120.509667,0.28021323,0.495445262,0.26857144,0.006681896,1,1,1,1,0,1,0
Poaceae,24.302319,120.545658,0.416991931,0.163098772,0.3231123,0.028931683,1,1,0,1,0,0,0
Bare mudflat,24.3231,120.55158,0.257938297,0.172275631,0.292509038,0.00865559,1,1,0,0,0,0,0
Sporobolus spp,24.31515278,120.550475,0.303463447,0.1336,0.292427587,0.098298115,1,1,0,1,0,0,0
Poaceae,24.323527,120.552543,0.287687721,0.376627229,0.27896994,0.098298115,1,1,0,1,0,1,0
Sporobolus spp,24.314962,120.550256,0.344915026,0.299027229,0.250501,0.098298115,1,1,1,1,0,0,0
Bare mudflat,24.66851,120.83797,0.303463447,0.731479925,0.28602692,0.015401115,1,0,0,0,0,0,0
Poaceae,24.32151,120.550561,0.304354948,0.316226533,0.2360406,0.022604226,1,1,0,1,0,0,0
Bare mudflat,24.31407,120.54986,0.338562424,0.291775282,0.281965259,0.098298115,1,1,1,0,0,0,0
Bare mudflat,23.3436,120.1203,0.303463447,0.08,0.33880556,0.00431433,1,0,0,0,0,0,0
Bare mudflat,24.311019,120.549931,0.34706708,0.3259607,0.21039604,0.098298115,1,0,1,0,0,1,0
Sporobolus spp,24.315346,120.550175,0.401188038,0.444611913,0.23303168,0.098298115,0,1,0,1,1,0,0
Sporobolus spp,24.323835,120.551748,0.272878117,0.346888411,0.25813848,0.052223751,1,1,1,1,0,1,0
Bare mudflat,24.31178,120.54945,0.357764046,0.317300582,0.272547937,0.098298115,1,1,0,0,0,0,0
Bolboschoenus planieulmis,24.30643333,120.5470806,0.303463447,0.2426,0.270388578,0.048679116,1,1,0,0,0,0,0
Mangroves,23.448819,120.179433,0.458843975,0.505265749,0.05882353,0.285842335,0,0,0,1,0,0,0
Bare mudflat,23.902317,120.3015,0.539013921,0.56143325,0.267280875,0.004538246,0,0,0,0,0,0,1
Sporobolus spp,24.30624722,120.5484,0.303463447,0.1626,0.267048231,0.098298115,1,1,0,1,0,1,0
Sporobolus spp,24.164495,120.466286,0.086924861,0.690377983,0.11298482,0.006681896,0,1,0,1,0,1,0
Sporobolus spp,24.309229,120.549316,0.316026201,0.36414287,0.10608914,0.098298115,1,1,0,1,0,0,0
Bolboschoenus planieulmis,24.32279167,120.5506139,0.303463447,0.0996,0.261852679,0.068225261,1,1,0,0,1,1,0
Bare mudflat,24.397704,120.594298,0.298844844,0.241913557,0.14473684,0.006499143,1,1,0,0,0,0,0
Sporobolus spp,24.302113,120.545774,0.273143481,0.301121703,0.21813516,0.018500688,1,1,0,1,0,1,0
Bare mudflat,24.193867,120.482583,0.264501885,0.0796,0.256774981,0.00134753,0,0,0,0,0,0,1
Sporobolus spp,24.194614,120.505703,0.250176132,0.072202592,0.19531953,0.087035979,1,0,0,0,0,0,0
Sporobolus spp,24.164751,120.466487,0.276902026,0.558366931,0.23858921,0.006681896,0,1,0,1,0,1,0
Sporobolus spp,24.163635,120.465576,0.245346757,0.380768284,0.20745131,0.001341128,0,1,0,1,0,0,0
Bare mudflat,24.18945,120.49787,0.2048,0.185616001,0.249472977,0.098298115,1,1,0,0,0,1,1
Bare mudflat,24.782611,120.90425,0.303463447,0.6845,0.245729875,0.459613045,0,0,0,0,0,0,1
Bare mudflat,24.782055,120.90388,0.303463447,0.5789,0.24472887,0.493167458,0,1,0,0,0,0,1
Bare mudflat,24.30623,120.5478,0.285548987,0.1536,0.243815639,0.00147646,1,1,0,0,0,0,0
Mangroves,24.03809,120.374297,0.109606944,0.003491437,0.20803782,0.09681325,0,0,0,0,0,0,0
Bolboschoenus planieulmis,24.32361389,120.5518222,0.303463447,0.0736,0.242438333,0.00865559,1,0,0,1,0,0,0
Bolboschoenus planieulmis,24.778102,120.913997,0.360826299,0.314146557,0.1296505,0.008243226,1,1,0,1,0,0,1
Bolboschoenus planieulmis,24.77949,120.914313,0.40276417,0.380664173,0.12,0.008243226,1,1,0,1,0,0,1
Bare mudflat,23.935041,120.319243,0.425763956,0.624545764,0.36664218,0.098298115,0,0,0,1,1,0,0
Mangroves,23.935041,120.319243,0.448716996,0.8268861,0.36664218,0.098298115,0,1,0,1,1,0,0
Bare mudflat,24.32605,120.55177,0.238622747,0.076712764,0.233808978,0.05537421,1,1,0,0,0,0,0
Poaceae,24.321613,120.550146,0.410189104,0.317928605,0.23,0.022604226,0,1,0,1,0,0,1
Sporobolus spp,24.319393,120.549618,0.29720643,0.316756108,0.09464082,0.052223751,0,1,0,1,0,0,1
Poaceae,24.320323,120.55027,0.540806209,0.425236773,0.21495327,0.022604226,0,1,0,1,0,0,0
Bare mudflat,24.422367,120.612267,0.217523007,0.1984,0.226416004,0.004537515,0,0,0,0,0,0,0
Bare mudflat,24.31228,120.5486,0.294398951,0.1850805,0.074048445,0.062127464,1,1,0,0,0,0,0
Bare mudflat,24.194,120.49018,0.2521,0.047840216,0.224626149,0.000691075,1,0,0,0,0,0,0
Bare mudflat,23.885633,120.292083,0.761535681,0.4336,0.223674177,0.004538246,0,0,0,0,0,0,1
Bare mudflat,24.784027,120.90502,0.303463447,0.6887,0.222220062,0.454146227,1,1,0,0,0,0,1
Bare mudflat,24.34413,120.5604,0.166083412,0.0366,0.219986594,0.098298115,0,0,0,0,0,0,0
Sporobolus spp,24.164131,120.466114,0.36418749,0.542615898,0.25948718,0.006681896,0,1,0,1,1,1,0
Poaceae,24.323172,120.550409,0.266086232,0.126894623,0.29828572,0.022604226,1,1,0,1,0,0,0
Poaceae,24.323323,120.5507,0.29007012,0.267143498,0.1592233,0.022604226,1,1,0,1,0,0,0
Bare mudflat,24.32203,120.55085,0.355681447,0.126387727,0.215460416,0.04169975,1,1,0,0,0,0,0
Sporobolus spp,24.320075,120.549857,0.270793904,0.336444486,0.09006929,0.023464007,1,1,0,0,0,0,1
Bare mudflat,24.783194,120.90472,0.303463447,0.6629,0.214493154,0.461430085,0,0,0,0,0,0,1
Sporobolus spp,24.163797,120.465732,0.313663027,0.686678502,0.15551366,0.001341128,1,1,0,0,0,1,0
Bare mudflat,24.179398,120.509387,0.297124439,0.383474734,0.109144546,0.006681896,1,1,1,0,0,1,0
Sporobolus spp,24.780362,120.914299,0.260136867,0.087893846,0.13235295,0.039346139,1,0,0,1,0,0,1
Bare mudflat,24.195967,120.483967,0.330318064,0.0736,0.211953613,0.00134753,0,0,0,0,0,0,0
Poaceae,24.318899,120.549947,0.314048851,0.524443018,0.047051817,0.062127464,1,1,0,1,0,0,0
Poaceae,24.318782,120.549855,0.34782311,0.440054778,0.001231527,0.062127464,0,1,0,1,0,0,1
Bare mudflat,24.66453,120.83751,0.303463447,0.490481684,0.20965751,0.001146601,1,0,1,0,0,0,0
Bare mudflat,24.31256,120.54945,0.293833926,0.129152951,0.209417564,0.098298115,1,0,0,0,0,0,0
Bare mudflat,24.205433,120.4879,0.236884796,0.0736,0.209340811,0.00134753,0,1,0,0,0,0,1
Poaceae,24.323196,120.551192,0.343426824,0.158699395,0.28772146,0.022604226,1,1,0,1,0,0,0
Mangroves,24.300604,120.545538,0.332601989,0.169063951,-0.00597213,0.091540157,1,1,0,1,0,0,0
Bolboschoenus planieulmis,24.309779,120.547765,0.207903308,0.20816374,0.2146974,0.072335808,1,0,0,0,0,0,1
Sporobolus spp,24.30621389,120.5481278,0.303463447,0.2796,0.206775619,0.098298115,1,1,0,0,0,1,0
Bare mudflat,24.309717,120.549331,0.344675812,0.334424398,0.13585156,0.098298115,1,1,1,0,0,0,0
Bare mudflat,23.856983,120.261617,0.316540913,0.359,0.204421232,0.004538246,1,1,0,0,0,0,0
Bare mudflat,24.206683,120.48895,0.373948653,0.3536,0.201033375,0.00134753,0,1,0,0,0,0,0
Sporobolus spp,24.315822,120.550641,0.420858272,0.497488737,0.21845575,0.098298115,0,1,0,1,0,0,0
Mangroves,24.19666659,120.50417,0.303463447,0.4396,0.199886923,0.116963192,1,1,0,1,1,0,1
Sporobolus spp,24.782198,120.914638,0.256526023,0.055926801,0.056869652,0.008243226,1,0,0,0,0,0,1
Bare mudflat,24.19331,120.48184,0.2501,0.044963335,0.196133125,0.000691075,1,0,0,0,0,0,0
Poaceae,24.320994,120.550442,0.268131769,0.434297671,0.15625,0.022604226,1,1,0,1,0,1,0
Bare mudflat,24.311905,120.549758,0.291473371,0.4770705,0.12117503,0.098298115,1,1,1,0,0,0,0
Bare mudflat,24.311,120.54984,0.36344053,0.28296781,0.192744463,0.098298115,1,0,0,0,0,0,0
Bare mudflat,24.178699,120.510521,0.298630118,0.512327743,0.115926325,0.006681896,1,1,0,1,0,1,1
Bare mudflat,24.426722,120.617927,0.50800497,0.162923656,0.075561605,0.014723015,1,1,0,0,0,0,0
Sporobolus spp,24.323255,120.549587,0.267743137,0.031340969,-0.04,0.052223751,1,0,0,0,0,0,0
Bolboschoenus planieulmis,24.776913,120.913764,0.256168037,0.150259333,0.037844036,0.099694695,1,0,0,0,0,0,0
Bare mudflat,24.398161,120.594056,0.316488122,0.008968033,0.08088889,0.006499143,0,0,0,0,0,0,0
Poaceae,24.321272,120.550146,0.280288192,0.349049777,0.24297924,0.022604226,0,1,0,1,0,0,1
Bare mudflat,23.326088,120.139317,0.267834478,0.566219403,0.27157003,0.00478051,0,1,1,1,1,0,1
Sporobolus spp,24.185526,120.505927,0.303568103,0.695380323,0.1328374,0.091524843,1,1,0,1,0,0,0
Bare mudflat,24.179917,120.46755,0.317233015,0.0366,0.186948079,0.005173848,0,0,0,0,0,0,0
Bolboschoenus planieulmis,24.323427,120.551202,0.252798434,0.247002842,0.12519006,0.056354065,1,1,0,0,1,0,0
Sporobolus spp,24.314896,120.549744,0.377084163,0.37990701,0.1437037,0.022604226,0,1,0,1,1,0,1
Bare mudflat,24.67343,120.83056,0.303463447,0.138732683,0.180670704,0.001146601,1,1,1,0,0,0,0
Bare mudflat,24.16569,120.46645,0.2902,0.438001547,0.179516038,0.000691075,1,1,0,0,0,0,0
Sporobolus spp,24.310264,120.549412,0.277340009,0.562111674,0.108829565,0.032049519,1,1,0,1,0,1,0
Bare mudflat,24.391233,120.588067,0.251972026,0.0031995,0.177517777,0.001280985,0,0,0,0,0,0,0
Bare mudflat,24.31528,120.5501,0.301764428,0.082871532,0.177124502,0.068387002,1,1,0,0,0,0,0
Sporobolus spp,24.163907,120.465052,0.320506267,0.592591757,0.0349947,0.040187987,0,1,0,1,0,0,0
Bare mudflat,24.397717,120.5921,0.144250456,0.0536,0.174242793,0.001280985,0,0,0,0,0,0,0
Sporobolus spp,24.179419,120.510621,0.378920795,0.561439753,0.14350797,0.006681896,1,1,0,1,0,1,0
Sporobolus spp,24.179415,120.510147,0.323860044,0.691405092,0.19337016,0.031639063,0,1,0,1,0,1,0
Bare mudflat,23.878483,120.2881,0.693740627,0.3536,0.171859378,0.004538246,0,0,0,0,0,0,1
Sporobolus spp,24.314546,120.549255,0.41379779,0.271898116,0.22180916,0.072335808,0,0,0,1,0,0,0
Poaceae,24.322041,120.549937,0.666942724,0.308181276,0.19851117,0.022604226,0,1,0,1,0,1,1
Poaceae,24.322242,120.549735,0.32475618,0.4128081,0.14023592,0.022604226,0,1,0,1,0,0,1
Poaceae,24.159302,120.454138,0.2789,0.0136,-0.002963841,0.244368266,1,0,0,1,0,0,0
Sporobolus spp,24.207536,120.481595,0.240422244,0.147549452,0.119019836,0.001341128,1,1,1,0,0,0,0
Bolboschoenus planieulmis,24.318845,120.549214,0.286462345,0.401626236,0,0.079246145,1,1,0,1,0,0,1
Bare mudflat,24.32121,120.55044,0.402686608,0.241501416,0.16890243,0.068597755,1,1,0,0,0,0,0
Bare mudflat,24.200267,120.492533,0.319422617,0.3136,0.167964796,0.103963567,0,1,0,0,0,0,0
Bare mudflat,24.30895,120.549,0.361530721,0.150881984,0.167023336,0.098298115,1,0,0,0,0,0,0
Poaceae,24.323916,120.552579,0.27915833,0.373077805,0.098121084,0.013687561,1,1,0,1,0,0,0
Bare mudflat,24.776316,120.913766,0.251004133,0.300358545,0.03377386,0.032247806,1,0,0,0,0,0,1
Bare mudflat,24.197167,120.501567,0.358648149,0.4954,0.161091052,0.23919065,0,1,0,0,0,0,0
Bare mudflat,23.3169,120.1462,0.303463447,0.37,0.05388128,0.00431433,1,1,1,0,0,0,0
Mangroves,24.162842,120.464695,0.339072579,0.546962227,0.09177366,0.074587345,0,1,0,1,0,0,0
Bare mudflat,24.31651,120.55006,0.344634119,0.154289251,0.157633571,0.068387002,1,1,0,0,0,0,0
Bare mudflat,23.226016,120.085657,0.252924045,0.111190005,0.067128025,0.63395967,1,0,0,0,0,0,0
Bare mudflat,24.179778,120.510145,0.286732667,0.766382452,0.102792636,0.006681896,0,1,1,1,0,1,0
Bare mudflat,24.198614,120.4977739,0.303463447,0.3396,0.152143518,0.133980297,1,1,0,0,1,0,0
Bare mudflat,24.18984,120.50143,0.3001,0.178521138,0.150594847,0.098298115,0,1,0,1,0,0,0
Bare mudflat,23.32547,120.139343,0.247326343,0.488204178,0.2169014,0.00478051,1,1,1,0,0,0,0
Bare mudflat,24.426951,120.618173,0.287725934,0.043902723,0.120718695,0.014723015,1,1,0,0,0,1,0
Mangroves,23.448139,120.179279,0.285135635,0.343506547,0.036231883,0.242645369,1,1,0,1,0,1,0
Bare mudflat,23.89785,120.298467,0.492070658,0.3536,0.148226717,0.004538246,0,0,0,0,0,0,1
Bare mudflat,23.881367,120.2888,0.77249136,0.3936,0.147595254,0.004538246,0,0,0,0,0,0,1
Bolboschoenus planieulmis,24.32359444,120.5507278,0.303463447,0.0696,0.14726217,0.145537421,0,0,0,0,0,0,0
Bolboschoenus planieulmis,24.781425,120.914258,0.276532441,0.314711114,0.0744404,0.086833736,1,1,0,1,0,0,1
Bare mudflat,24.196683,120.502967,0.415528698,0.6784,0.146789294,0.291607054,0,1,0,0,0,0,0
Bare mudflat,24.768936,120.901309,0.341422071,0.220089611,0.003984064,0.507238265,1,0,0,0,0,0,0
Bare mudflat,24.18477,120.47727,0.2504,0.002741152,0.145395069,0.015174239,1,0,0,0,0,0,0
Sporobolus spp,24.1858,120.5057,0.311133789,0.4048361,0.1010101,0.143655054,0,1,0,1,0,0,1
Bare mudflat,24.7967,120.9127,0.303463447,0.1964977,0.143268293,0.126557776,1,1,0,0,0,0,1
Sporobolus spp,24.164518,120.460549,0.243416669,0.272533874,0.26780882,0.013112507,1,1,0,1,0,0,0
Poaceae,24.159271,120.455784,0.2597,0.0274,-0.036942676,0.161287953,1,1,0,0,1,0,1
Poaceae,24.31912,120.549907,0.352547343,0.558590707,0.021634616,0.052223751,1,1,0,1,0,0,1
Bolboschoenus planieulmis,24.31915,120.549891,0.251582755,0.165913381,0.032563645,0.052223751,1,1,1,1,0,0,0
Bare mudflat,24.163382,120.46491,0.391648806,0.550259481,0.08744395,0.040187987,1,1,0,0,0,1,0
Bare mudflat,24.768815,120.902676,0.310472764,0.278784416,0.06198574,0.465640504,1,0,0,0,0,0,0
Bare mudflat,24.32075833,120.5502472,0.303463447,0.1136,0.137670295,0.068387002,1,0,0,1,1,0,0
Bare mudflat,24.39555,120.590283,0.299524796,0.0966,0.137420105,0.001280985,0,0,0,0,0,0,0
Bolboschoenus planieulmis,24.31506389,120.5489806,0.303463447,0.0936,0.136599298,0.068387002,1,0,0,0,0,0,1
Bare mudflat,24.68831,120.84474,0.303463447,0.00519948,0.135979522,0.001146601,0,0,0,0,0,0,0
Bare mudflat,24.299866,120.545479,0.474839986,0.374888823,0.016055046,0.001040646,1,1,0,0,0,0,0
Bare mudflat,24.03898,120.374377,0.321280721,0.013393487,-0.010204081,0.008612222,0,0,0,0,0,0,0
Bare mudflat,24.184283,120.471233,0.339485002,0.2766,0.134065513,0.113957744,1,1,0,0,0,0,0
Bare mudflat,24.362165,120.572822,0.2744033,0.007071173,0.02225219,0.344085282,0,0,0,0,0,0,0
Sporobolus spp,24.185143,120.507204,0.36985999,0.46932011,0.09557109,0.10720731,1,1,0,1,0,0,0
Bare mudflat,24.782416,120.91319,0.303463447,0.1025,0.007253886,0.169221997,0,0,0,0,0,0,1
Bare mudflat,24.782425,120.913207,0.303463447,0.1129,0.007253886,0.169221997,0,0,0,0,0,0,0
Bare mudflat,24.782916,120.91322,0.303463447,0.263,0.013748854,0.242232641,0,0,0,0,0,0,1
Bare mudflat,24.782917,120.913222,0.303463447,0.1191,0.013748854,0.242232641,0,0,0,0,0,0,1
Bolboschoenus planieulmis,24.76664,120.910797,0.28993046,0.230460703,0.032979317,0.143365984,0,0,0,0,0,0,1
Bare mudflat,24.30973,120.54926,0.326938688,0.137188109,0.131554374,0.098298115,1,0,1,0,0,0,0
Sporobolus spp,24.18277,120.470346,0.261150101,0.622413021,0.14711137,0.076790405,0,1,0,1,0,0,0
Poaceae,24.161828,120.46195,0.3502,0.0273,-0.04,0.228072968,0,1,0,1,1,0,0
Poaceae,24.161833,120.461594,0.2386,0.0201,-0.030789826,0.228072968,0,0,0,0,0,0,0
Bare mudflat,23.729448,120.172481,0.318620092,0.178280945,-0.01618929,0.387873774,0,0,0,0,0,0,0
Bare mudflat,24.32625,120.55016,0.335673674,0.0978,0.129456614,0.376081351,0,0,0,0,0,0,0
Bare mudflat,23.875783,120.287533,0.657370081,0.3136,0.128221926,0.004538246,0,0,0,0,0,0,1
Sporobolus spp,24.179807,120.509867,0.237441945,0.731608306,0.12492869,0.006681896,0,1,0,1,0,1,0
Bare mudflat,24.32308611,120.5482722,0.303463447,0.0796,0.126548024,0.10695486,0,0,0,0,0,0,0
Bare mudflat,24.782416,120.91258,0.303463447,0.2069,0.019070905,0.282032438,0,0,0,0,0,0,1
Bare mudflat,24.782411,120.912583,0.303463447,0.1515,0.019070905,0.282032438,0,0,0,0,0,0,1
Poaceae,24.179056,120.511007,0.258360695,0.498022268,0.0764774,0.038606511,1,1,0,1,0,1,0
Bare mudflat,24.457025,120.644539,0.121030612,0.005033731,0.08206687,0.098298115,0,0,0,0,0,0,0
Sporobolus spp,24.18318,120.470836,0.294908582,0.632739382,0.14318976,0.075019989,0,1,0,1,0,0,0
Bolboschoenus planieulmis,24.31970833,120.5492306,0.303463447,0.1996,0.12343364,0.068387002,1,1,0,0,0,0,0
Bare mudflat,24.76583,120.904211,0.207331625,0.023694109,0.024154589,0.192151126,0,0,0,0,0,0,0
Bare mudflat,24.19935,120.495267,0.34893056,0.3536,0.123105131,0.249226418,1,1,0,0,0,0,0
Bare mudflat,24.768786,120.902934,0.284313701,0.179058397,0.006406523,0.48155451,1,0,0,0,0,0,1
Bare mudflat,24.207381,120.481591,0.307185547,0.353779255,0.057971016,0.009422283,0,1,0,0,0,0,1
Bare mudflat,24.458018,120.645288,0.28079634,0.001545148,0.08058608,0.098298115,0,0,0,0,0,0,0
Bare mudflat,24.398818,120.594308,0.267780009,0.017483212,0.008163265,0.006499143,0,0,0,0,0,0,0
Bare mudflat,23.35945,120.12771,0.24785586,0.002494292,-0.011937558,0.00119694,0,0,0,0,0,0,0
Bare mudflat,23.866867,120.2764,0.593654959,0.4336,0.12073583,0.004538246,0,0,0,0,0,0,1
Bare mudflat,24.7987,120.9124,0.303463447,0.107245233,0.120497765,0.003113589,0,1,0,1,0,0,1
Bolboschoenus planieulmis,24.782781,120.914365,0.343566516,0.25108691,0.017462166,0.073718356,1,1,0,1,0,0,1
Bare mudflat,24.19944455,120.4950045,0.303463447,0.3456,0.120002051,0.256001568,0,0,0,1,1,0,1
Bare mudflat,24.1985,120.49825,0.332421276,0.0736,0.119109505,0.00134753,1,1,0,0,0,0,0
Bare mudflat,24.782888,120.91255,0.303463447,0.4489,0.010138249,0.281044095,1,0,0,0,0,0,1
Bare mudflat,24.782882,120.912556,0.303463447,0.2269,0.010138249,0.281044095,0,0,0,0,0,0,1
Bare mudflat,24.179756,120.510894,0.305659272,0.562878102,0.09202454,0.031639063,1,1,1,0,0,1,0
Sporobolus spp,24.182458,120.470692,0.270678131,0.645026407,0.08866995,0.006681896,1,1,0,1,0,0,0
Sporobolus spp,24.180462,120.472183,0.258271574,0.661252249,0.12464986,0.07737293,1,1,0,1,0,0,0
Sporobolus spp,24.184783,120.506213,0.358864293,0.567523456,0.11617565,0.142901199,0,1,0,1,0,0,0
Bare mudflat,24.782067,120.903878,0.303463447,0.5003,0.042535447,0.386708059,1,0,0,0,0,0,1
Bare mudflat,23.226173,120.085563,0.231963922,0.124226122,0.15023163,0.558146196,0,0,0,0,0,0,0
Bolboschoenus planieulmis,24.766755,120.911469,0.327605269,0.132381493,0.04772353,0.127782725,0,0,0,0,0,0,1
Bare mudflat,24.159179,120.45735,0.305941397,0.144215744,0.044854883,0.001341128,1,1,0,0,0,0,1
Sporobolus spp,24.32083611,120.5499389,0.303463447,0.1936,0.116553274,0.068387002,1,1,0,1,1,0,0
Bolboschoenus planieulmis,24.323684,120.550672,0.332088186,0.088635752,0.03767661,0.120115083,0,0,0,0,0,0,0
Bare mudflat,24.30363,120.5457,0.325925122,0.234396483,0.115938412,0.098298115,1,0,0,0,0,0,1
Mangroves,24.206939,120.481495,0.360544271,0.370198869,0.057471264,0.177120587,0,1,0,1,0,0,0
Bare mudflat,24.3465,120.55998,0.251983253,0.047,0.115249205,0.098298115,0,0,0,0,0,0,0
Bare mudflat,24.1767,120.4623,0.218,0.058,0.114633705,0.551962947,0,0,0,0,0,0,0
Bare mudflat,24.7573,120.90552,0.218,0.513,0.114614562,0.003113589,0,0,0,0,0,1,0
Bolboschoenus planieulmis,24.323815,120.550448,0.283323022,0.032729838,0.014193549,0.196859239,0,0,0,0,0,0,0
Bare mudflat,24.32095,120.54906,0.26260918,0.2936,0.113724477,0.177586924,0,0,0,0,0,0,1
Bare mudflat,24.159141,120.457494,0.186180108,0.042849817,0.024214322,0.079630903,1,0,0,0,0,0,0
Bare mudflat,24.371366,120.582401,0.380449248,0.443586517,0.19293821,0.006499143,1,1,0,0,0,1,0
Bolboschoenus planieulmis,24.310238,120.548107,0.328866403,0.2693531,0.11111111,0.139977156,1,1,0,0,0,0,1
Bare mudflat,24.17725,120.46874,0.2328,0.210079569,0.112397713,0.000691075,1,0,0,0,0,0,0
Bolboschoenus planieulmis,24.399374,120.593986,0.262288157,0.096976436,0.09465551,0.21329526,0,0,0,0,0,0,1
Bare mudflat,24.76916,120.904879,0.345906938,0.25316418,0.003476246,0.362383921,1,0,0,0,0,0,0
Bare mudflat,24.32093,120.54615,0.340942801,0.1136,0.111170049,0.357669273,0,0,0,0,0,0,1
Bare mudflat,24.371405,120.582597,0.424983367,0.279615869,0.07489712,0.006499143,1,1,0,0,0,0,1
Bolboschoenus planieulmis,24.31241111,120.5479917,0.303463447,0.0996,0.110781566,0.088040974,0,0,0,0,0,0,0
Mangroves,24.66546,120.84193,0.303463447,0.675100193,0.108523042,0.262255762,0,0,0,0,0,0,0
Bare mudflat,23.731067,120.172646,0.274002685,0.032557575,0.011673152,0.092979553,1,0,0,0,0,0,0
Sporobolus spp,24.31839,120.549437,0.23487309,0.181848305,0.11873945,0.062127464,1,1,0,0,0,0,0
Bare mudflat,23.996991,120.333386,0.268028919,0.004439154,0.00877193,0.432838378,0,0,0,0,0,0,0
Bare mudflat,24.363996,120.574986,0.244578328,0.011710612,-0.017105263,0.235706098,0,0,0,0,0,0,0
Bolboschoenus planieulmis,24.310817,120.54819,0.308162906,0.097034245,0.106796116,0.144443175,1,0,0,0,0,0,0
Bare mudflat,24.783184,120.904713,0.303463447,0.7497,0.010416667,0.380917385,0,0,0,0,0,0,1
Bare mudflat,24.32091,120.54323,0.504704854,0.0337375,0.106053776,0.377977874,0,0,0,0,0,0,0
Bare mudflat,24.33813,120.55551,0.37217582,0.014965,0.10558552,0.098298115,0,0,0,0,0,0,0
Bare mudflat,24.784014,120.905014,0.303463447,0.6281,0.01802575,0.371160669,1,1,0,0,0,0,1
Bare mudflat,24.782603,120.904245,0.303463447,0.6354,0.035413153,0.390395337,1,0,0,0,0,0,1
Bare mudflat,24.186717,120.472917,0.278641276,0.0336,0.104052627,0.258650807,0,0,0,0,0,0,0
Bare mudflat,24.20278113,120.4883368,0.303463447,0.4796,0.104033141,0.422981914,1,1,0,0,0,0,0
Bare mudflat,24.181908,120.47035,0.26412816,0.481325819,0.0800252,0.048520845,1,1,1,0,0,0,0
Bare mudflat,23.36181,120.12885,0.230550485,0.001245148,0.011076651,0.00119694,0,0,0,0,0,0,0
Sporobolus spp,24.20715,120.481674,0.39606866,0.361256216,0.034324944,0.178289775,1,1,0,1,0,0,0
Bare mudflat,24.32348333,120.5491417,0.303463447,0.0496,0.101991134,0.145537421,0,0,0,0,0,0,0
Bare mudflat,24.2011,120.4911,0.336155943,0.1136,0.10188536,0.306458992,1,0,0,0,0,0,1
Bare mudflat,24.371454,120.582921,0.415418925,0.183792025,0.18671249,0.006499143,1,1,0,0,1,0,1
Sporobolus spp,24.314995,120.549229,0.329414286,0.263519757,0.1442869,0.138572244,1,1,0,1,1,0,0
Bare mudflat,24.766575,120.904314,0.229574651,0.028720887,0.019933555,0.335339015,1,0,0,0,0,0,1
Bare mudflat,24.32283611,120.5396583,0.303463447,0.0356,0.100121986,0.161015537,0,0,0,0,0,0,0
Bare mudflat,24.32625,120.54423,0.219641183,0.0584,0.099465124,0.405336051,0,0,0,0,0,0,0
Bare mudflat,23.990886,120.332027,0.294227818,0.013244914,0.0648092,0.597475728,1,0,0,0,0,0,0
Bare mudflat,24.182933,120.469306,0.227945264,0.030347534,0.004255319,0.164454597,1,0,0,0,0,0,0
Bare mudflat,24.362887,120.573948,0.237974904,0.006269505,-0.013368984,0.207806052,0,0,0,0,0,0,0
Bare mudflat,24.159178,120.458481,0.452483441,0.380221229,0.019211324,0.001341128,0,1,0,0,0,0,1
Bare mudflat,24.189017,120.475283,0.29409129,0.0336,0.097620463,0.390613043,0,0,0,0,0,0,1
Bare mudflat,22.479549,120.414501,0.693190585,0.188458608,0.2465628,0.010679612,0,1,0,0,1,0,0
Bare mudflat,24.182278,120.471438,0.252872754,0.095358819,0.12941177,0.075019989,1,1,1,0,0,0,0
Bare mudflat,23.930182,120.30128,0.297151947,0.306591135,-0.05121951,0.513132375,1,0,0,0,0,0,0
Bolboschoenus planieulmis,24.30920278,120.5469222,0.303463447,0.0536,0.096480398,0.191393423,0,0,0,0,0,0,0
Bare mudflat,24.31982778,120.5486111,0.303463447,0.1736,0.095904709,0.068382101,1,0,0,0,0,0,0
Bare mudflat,24.7984,120.9132,0.303463447,0.1964977,0.094480262,0.055973929,1,1,1,0,0,0,0
Sporobolus spp,24.181545,120.471775,0.28999734,0.215926378,0.04968153,0.139714449,1,1,0,1,0,1,0
Bare mudflat,24.014092,120.348894,0.344878399,0.007826595,0.035490606,0.276710451,0,0,0,0,0,0,0
Poaceae,24.159378,120.458936,0.2706,0.0092,-0.003904071,0.309010774,1,1,0,0,0,0,0
Mangroves,24.206902,120.481272,0.265338221,0.478773101,0.03547805,0.146320495,1,1,0,1,0,0,0
Bare mudflat,23.994422,120.336297,0.267064973,0.007824598,-0.018484289,0.488349515,0,0,0,0,0,0,0
Bare mudflat,24.18205,120.468917,0.25568181,0.1536,0.093128092,0.095499917,0,0,0,0,0,0,0
Bare mudflat,24.20257,120.488965,0.499019557,0.333424632,0.06410257,0.001040646,0,0,0,0,0,0,1
Bare mudflat,24.391367,120.585817,0.313432002,0.0784,0.092791649,0.001280985,0,0,0,0,0,0,0
Sporobolus spp,24.181744,120.470082,0.250003113,0.632750902,0.05350773,0.115294118,0,0,0,1,0,0,0
Poaceae,24.318899,120.550261,0.37859065,0.502874392,0.059371363,0.023464007,1,1,0,0,0,0,1
Bare mudflat,24.461169,120.646878,0.274244993,0.001297146,0.02434457,0.424443175,0,0,0,0,0,0,0
Bare mudflat,24.052555,120.380748,0.612865999,0.373059139,0.038647342,0.496493432,0,1,0,0,0,0,0
Bare mudflat,23.36325,120.1294,0.217950108,0.002893435,-0.003031615,0.00119694,0,0,0,0,0,0,0
Bare mudflat,24.3183,120.54818,0.34177758,0.007515,0.090692248,0.362119448,0,0,0,0,0,0,0
Bare mudflat,24.162717,120.461783,0.245425109,0.0456,0.090404079,0.170092331,1,0,0,0,0,0,0
Bare mudflat,24.782972,120.91405,0.303463447,0.5039,0.013975156,0.128813989,0,0,0,0,0,0,1
Bare mudflat,24.782976,120.914049,0.303463447,0.3851,0.013975156,0.128813989,0,0,0,0,0,0,1
Sporobolus spp,24.320373,120.549419,0.285139105,0.322966229,0.07918552,0.023464007,1,1,0,1,0,0,0
Bare mudflat,24.320301,120.549402,0.266824656,0.246595656,0.07918552,0.023464007,0,0,0,0,0,1,1
Bare mudflat,24.393033,120.587083,0.330710619,0.0796,0.089768633,0.339261354,0,0,0,0,0,0,0
Bare mudflat,24.30751,120.54533,0.395546554,0.0665925,0.088350346,0.410405922,0,0,0,0,0,0,0
Sporobolus spp,24.184086,120.506345,0.336786691,0.493268689,0.120976694,0.098720731,0,1,0,1,0,0,0
Bare mudflat,24.782472,120.91405,0.303463447,0.2084,0.021232521,0.196021287,0,0,0,0,0,0,1
Bare mudflat,24.782481,120.914042,0.303463447,0.1185,0.021232521,0.196021287,0,0,0,0,0,0,1
Bolboschoenus planieulmis,24.323954,120.55069,0.245614624,0.074714865,0.1209564,0.205656219,1,0,0,0,0,0,0
Bare mudflat,24.050335,120.378658,0.248181077,0.232409847,0.03917221,0.499817247,1,0,0,0,0,0,0
Bare mudflat,24.039139,120.371077,0.342404324,0.006480021,0.037307974,0.022272987,0,0,0,0,0,0,0
Bolboschoenus planieulmis,24.32086944,120.5493417,0.303463447,0.1936,0.085829182,0.068387002,1,1,0,0,0,0,0
Bare mudflat,24.051763,120.381216,0.433583974,0.331281819,0.05582524,0.529480297,0,0,0,0,0,0,1
Bare mudflat,24.423514,120.613077,0.278753171,0.002640581,0.050538525,0.014723015,0,0,0,0,0,0,0
Bare mudflat,24.196183,120.489167,0.350066297,0.1536,0.085240736,0.382823158,1,1,0,0,0,0,1
Bare mudflat,24.202972,120.488437,0.345808855,0.347714876,0.028295375,0.001040646,1,1,0,0,0,0,0
Bare mudflat,23.225592,120.083812,0.231699864,0.006928308,0.04329897,0.007367094,0,0,0,0,0,0,0
Bare mudflat,24.32625,120.54723,0.203370465,0.0578,0.084915321,0.383958576,0,0,0,0,0,0,0
Bare mudflat,24.32088333,120.548975,0.303463447,0.1936,0.084175285,0.068387002,1,0,0,0,0,0,0
Bare mudflat,24.32093,120.54031,0.37802085,0.10106475,0.084149965,0.237198469,0,0,0,0,0,0,0
Bare mudflat,24.1971,120.486183,0.266939298,0.0736,0.08380852,0.488608385,0,0,0,0,0,0,0
Bare mudflat,24.298999,120.545373,0.401206446,0.234366646,-0.11363637,0.001040646,1,1,0,0,0,0,0
Bare mudflat,24.1657,120.4587,0.2291,0.298,0.083417457,0.316257413,0,0,0,0,0,0,1
Bare mudflat,24.051118,120.380324,0.407221138,0.26960097,0.029247044,0.496493432,0,0,0,0,0,0,1
Bare mudflat,23.735429,120.17318,0.234473187,0.055947454,-0.034061134,0.333778513,0,0,0,0,0,0,0
Bare mudflat,24.15915,120.457863,0.53333651,0.322725151,0.001019368,0.033562586,0,0,0,0,0,0,1
Bare mudflat,24.460709,120.648056,0.092487804,0.00314001,0.047954865,0.098298115,0,0,0,0,0,0,0
Bare mudflat,24.164983,120.4636,0.322631601,0.2784,0.08158466,0.00134753,0,1,0,0,0,0,1
Bare mudflat,24.30662222,120.5441806,0.303463447,0.0796,0.081285671,0.451017007,0,0,0,0,0,0,0
Bolboschoenus planieulmis,24.30648889,120.5462222,0.303463447,0.1426,0.08068956,0.089976964,1,1,0,0,0,0,1
Bare mudflat,24.30648,120.54626,0.26687174,0.034639828,0.08068956,0.144733618,1,0,0,0,0,0,0
Bare mudflat,24.015177,120.33921,0.261029183,0.223632007,0.051797684,0.542912621,1,0,0,0,0,0,0
Bare mudflat,24.313,120.54656,0.351880246,0.0203785,0.079650881,0.266278489,0,0,0,0,0,0,0
Bare mudflat,23.36061,120.12821,0.273971293,0.00304001,0.001597444,0.00119694,0,0,0,0,0,0,0
Bare mudflat,23.872067,120.282917,0.762593925,0.3536,0.079120988,0.004538246,0,0,0,0,0,0,1
Bare mudflat,23.3255,120.139,0.303463447,0.2,0.17117117,0.00431433,1,1,1,0,0,0,0
Bare mudflat,24.051126,120.379413,0.310580395,0.126682115,0.012459016,0.496493432,0,0,0,0,0,0,1
Bare mudflat,24.16217,120.46065,0.1971,0.112455549,0.077494907,0.221413518,1,0,0,0,0,0,1
Bare mudflat,24.158884,120.435067,0.508216739,0.003293435,0.04927536,0.006681896,0,0,0,0,0,0,0
Bare mudflat,23.87365,120.285217,0.757854153,0.2736,0.076463207,0.004538246,0,0,0,0,0,0,1
Bare mudflat,24.7991,120.9133,0.303463447,0.33449,0.076262609,0.003113589,1,1,1,1,0,0,0
Sporobolus spp,24.180816,120.47169,0.247201607,0.191343606,0.02676399,0.052073101,1,0,0,1,0,0,0
Bare mudflat,24.052127,120.376194,0.288589137,0.128061177,0.030779306,0.498343804,1,0,0,0,0,0,1
Sporobolus spp,24.181286,120.470122,0.251077997,0.535298675,0.042566318,0.068201028,1,1,0,1,0,0,0
Bare mudflat,24.186717,120.475817,0.28038537,0.0694,0.075363473,0.278946931,0,0,0,0,0,0,0
Bolboschoenus planieulmis,24.316958,120.548968,0.333925426,0.368967804,0.0754717,0.128966305,1,1,0,1,0,0,1
Bare mudflat,24.459965,120.645532,0.283294177,0.00194686,-0.02849741,0.49447173,0,0,0,0,0,0,0
Bare mudflat,24.04495,120.380957,0.564200854,0.136630791,0.010339734,0.193420902,0,0,0,0,0,0,1
Bare mudflat,24.31563,120.5453,0.352208319,0.1136,0.074600388,0.445666278,0,0,0,0,0,0,0
Bolboschoenus planieulmis,24.318167,120.549269,0.320180973,0.179544104,0.08943089,0.102624943,1,0,0,0,0,0,1
Bolboschoenus planieulmis,24.309382,120.54738,0.288906146,0.044783651,0.033039648,0.144443175,1,0,0,0,0,0,0
Bare mudflat,24.318602,120.550139,0.35457798,0.522573638,0.03117207,0.052223751,1,1,1,0,0,0,1
Bare mudflat,24.7955,120.9142,0.303463447,0.1964977,0.073061243,0.032580784,1,1,0,0,0,1,1
Bare mudflat,24.7997,120.9126,0.303463447,0.295550274,0.072355415,0.139106365,0,1,0,1,0,1,0
Bare mudflat,24.34413,120.55826,0.379998084,0.036,0.072022651,0.098298115,0,0,0,0,0,0,0
Bare mudflat,24.17983,120.47224,0.2333,0.101306405,0.071949389,0.104616968,1,1,0,0,0,0,0
Bare mudflat,24.175267,120.465517,0.288749132,0.0784,0.071519407,0.318162535,0,0,0,0,0,0,1
Bare mudflat,24.181759,120.470999,0.274240646,0.038955811,0.015384615,0.142352941,0,0,0,0,0,0,0
Sporobolus spp,24.179852,120.472268,0.263930772,0.647047785,0.07468606,0.051581953,0,1,0,1,0,1,0
Bare mudflat,24.31503333,120.5485222,0.303463447,0.0936,0.071057674,0.347047003,0,0,0,0,0,0,0
Bare mudflat,24.799,120.9119,0.303463447,0.1964977,0.070986512,0.003113589,0,1,0,1,0,0,1
Bare mudflat,24.7995,120.9116,0.303463447,0.1964977,0.070986512,0.138191527,0,1,0,1,0,0,1
Bare mudflat,24.045252,120.380148,0.328353609,0.070734325,-0.030042918,0.082398629,0,0,0,0,0,0,0
Bolboschoenus planieulmis,24.318976,120.548878,0.279857011,0.316798607,0.026642984,0.163163906,1,1,0,0,0,0,1
Bare mudflat,24.67052,120.83588,0.303463447,0.624955537,0.070388906,0.001146601,0,0,0,0,0,0,0
Bare mudflat,24.179925,120.471886,0.295247476,0.532109133,0.04392107,0.065048544,1,1,1,0,0,0,0
Bare mudflat,23.930733,120.298548,0.272079123,0.048517382,-0.14442413,0.720656619,1,0,0,0,0,0,0
Bare mudflat,24.184283,120.474167,0.293006488,0.1536,0.069637124,0.207411412,1,1,0,0,0,0,1
Bare mudflat,24.30539,120.54596,0.317423078,0.097325682,0.069619053,0.184159192,1,0,0,0,0,0,0
Bare mudflat,24.431927,120.617947,0.192690803,0.000248858,0.054930508,0.014723015,0,0,0,0,0,0,0
Bare mudflat,23.864917,120.271283,0.584118789,0.4736,0.069200358,0.004538246,0,0,0,0,0,0,1
Bare mudflat,23.931008,120.297879,0.295556275,0.11691289,-0.32444444,0.78753359,1,0,0,0,0,0,1
Bare mudflat,24.202941,120.488301,0.332892973,0.35370818,-0.015891032,0.385737023,1,1,0,0,0,0,0
Bare mudflat,23.932336,120.296934,0.30948453,0.015586066,-0.22758621,0.803645286,0,0,0,0,0,0,0
Bolboschoenus planieulmis,24.316371,120.54865,0.332043538,0.258832886,0,0.161827527,1,0,0,0,0,0,0
Bare mudflat,23.948884,120.309761,0.456740902,0.298723102,0.011325783,0.098298115,0,1,0,0,0,0,1
Bare mudflat,24.20972043,120.4738868,0.303463447,0.0456,0.067110606,0.000691075,0,0,0,0,0,0,0
Bare mudflat,23.2695,120.0993,0.303463447,0.2,0.04178273,0.528991348,1,0,0,0,0,0,0
Bare mudflat,24.31270556,120.5464583,0.303463447,0.0996,0.066533405,0.228236044,0,0,0,0,0,0,0
Bare mudflat,24.182067,120.47175,0.273160528,0.01456875,0.066234998,0.193312261,1,0,0,0,0,0,0
Bare mudflat,24.362444,120.573485,0.075721412,0.001096334,0.010691376,0.168363136,0,0,0,0,0,0,0
Bare mudflat,24.424762,120.613434,0.218426613,0.002298287,0.049685895,0.245996573,0,0,0,0,0,0,0
Bare mudflat,23.868683,120.278383,0.776791582,0.3536,0.065259226,0.004538246,0,0,0,0,0,0,1
Bolboschoenus planieulmis,24.318383,120.549564,0.331102356,0.271115504,0.011957206,0.052223751,1,1,0,1,0,0,0
Bare mudflat,24.179917,120.46995,0.306668791,0.0856,0.065029705,0.213616703,1,0,0,0,0,0,0
Bare mudflat,24.050029,120.379435,0.367941388,0.142750251,0.023610054,0.498343804,1,0,0,0,0,0,1
Bare mudflat,24.460609,120.646023,0.2464988,0.005181733,0.022977022,0.49447173,0,0,0,0,0,0,0
Bare mudflat,23.405741,120.149364,0.268268502,0.017182355,-0.05882353,0.004792002,0,0,0,0,0,0,0
Bare mudflat,23.858317,120.259217,0.283768039,0.0336,0.063836751,0.276991582,0,0,0,0,0,0,0
Bare mudflat,24.31563,120.54731,0.318623558,0.03032775,0.063740123,0.366095492,0,0,0,0,0,0,0
Bare mudflat,24.1822,120.4665,0.219,0.065,0.063559139,0.396564231,0,0,0,0,0,0,0
Bolboschoenus planieulmis,24.30657778,120.5459944,0.303463447,0.0996,0.062648819,0.256913199,0,0,0,0,0,0,0
Bare mudflat,23.862233,120.26235,0.501825711,0.3936,0.062051359,0.440262698,0,0,0,0,0,0,1
Bare mudflat,24.431724,120.617167,0.263752549,0.000947431,0.044142615,0.014723015,0,0,0,0,0,0,0
Bare mudflat,23.993144,120.33403,0.204907709,0.004687727,0.014492754,0.319725871,0,0,0,0,0,0,0
Sporobolus spp,24.310991,120.547718,0.336102751,0.029929838,0.08677686,0.144443175,1,0,0,0,0,0,0
Bare mudflat,24.179564,120.511781,0.418495883,0.712243663,0.09070034,0.06256996,1,1,0,0,0,1,0
Bare mudflat,24.374125,120.580189,0.315391752,0.007624598,0.044559587,0.128075385,0,0,0,0,0,0,0
Bare mudflat,24.18009,120.511633,0.446017565,0.777383228,0.033783782,0.145014278,1,1,0,0,0,1,0
Bare mudflat,24.177467,120.4662,0.217465195,0.0856,0.0584949,0.298906172,1,0,0,0,0,0,0
Bare mudflat,24.204533,120.483267,0.287370864,0.2736,0.058458104,0.502512061,1,0,0,0,0,0,0
Bare mudflat,24.049723,120.380154,0.323638418,0.137033879,0.028735632,0.498012564,1,0,0,0,0,0,1
Bare mudflat,24.1914,120.478333,0.326986147,0.0736,0.056635243,0.321431542,0,0,0,0,0,0,0
Bare mudflat,24.049084,120.375311,0.33042716,0.009664322,-0.023569023,0.405711022,1,0,0,0,0,0,0
Bolboschoenus planieulmis,24.312314,120.548076,0.324168843,0.109355183,0.03409091,0.144443175,1,0,0,0,0,0,0
Bare mudflat,24.189033,120.477117,0.294084378,0.0796,0.056403945,0.375103976,0,0,0,0,0,0,0
Bare mudflat,24.014921,120.346479,0.303463447,0.1964977,0.056203224,0.45385494,0,0,0,0,0,0,0
Bolboschoenus planieulmis,24.317301,120.548641,0.318679689,0.074001216,0.014590348,0.144443175,1,0,0,0,0,0,0
Bare mudflat,24.051707,120.378005,0.352625811,0.150933931,0.009602195,0.513706453,1,0,0,0,0,0,1
Bare mudflat,23.859767,120.2592,0.263111361,0.1136,0.055857118,0.470273677,0,0,0,0,0,0,1
Bare mudflat,24.298256,120.545512,0.423945418,0.223989793,0.054406963,0.012402057,1,0,0,0,0,0,0
Bare mudflat,24.195967,120.481083,0.284392495,0.079,0.054449259,0.280843454,0,0,0,0,0,0,0
Bare mudflat,24.460576,120.647522,0.253710085,0.022344965,0.033718243,0.098298115,0,0,0,0,0,0,0
Bare mudflat,23.226436,120.083599,0.251413195,0.005484587,0.033281494,0.007367094,0,0,0,0,0,0,0
Bare mudflat,24.373393,120.579654,0.302651278,0.01340262,0.017081503,0.082398629,0,0,0,0,0,0,0
Bare mudflat,24.372819,120.579127,0.219310112,0.003986585,0.018741634,0.106990291,0,0,0,0,0,0,0
Bare mudflat,23.930467,120.300545,0.282036508,0.01294891,-0.010434783,0.527398061,0,0,0,0,0,0,0
Bare mudflat,24.164928,120.465888,0.317100337,0.665621389,0.027160494,0.006681896,0,1,1,0,0,1,0
Bare mudflat,23.227377,120.083296,0.214015931,0.004934302,0.033962265,0.00852429,0,0,0,0,0,0,0
Bare mudflat,24.432781,120.617354,0.267381042,0.001494292,0.010309278,0.478092519,0,0,0,0,0,0,0
Bare mudflat,24.20385,120.487933,0.384967644,0.2336,0.051599711,0.461246049,1,1,0,0,0,0,1
Bare mudflat,24.159453,120.434751,0.261938224,0.005933446,0.03183024,0.483483724,0,0,0,0,0,0,0
Bare mudflat,24.04031,120.373374,0.27641412,0.021545536,0.002073255,0.911616219,0,0,0,0,0,0,0
Bare mudflat,24.8004,120.9121,0.303463447,0.116816331,0.049938413,0.117668538,0,1,0,1,0,0,1
Bare mudflat,23.990486,120.333108,0.333774096,0.399075716,-0.026239067,0.634814392,1,0,0,0,0,0,1
Bare mudflat,23.924073,120.312348,0.5808716,0.427381579,-0.010587103,0.005631499,0,1,0,0,0,0,1
Bolboschoenus planieulmis,24.317221,120.549328,0.299425266,0.267003334,0.086419754,0.124317533,1,1,0,0,0,0,1
Bare mudflat,23.8583,120.261617,0.356446772,0.3566,0.048669112,0.004538246,1,1,0,0,0,0,0
Bare mudflat,24.159409,120.458026,0.4520831,0.347289993,-0.029535865,0.389855571,1,1,0,0,0,0,1
Bare mudflat,23.883517,120.289883,1.019275104,0.2336,0.047223012,0.426314505,0,0,0,0,0,0,1
Bolboschoenus planieulmis,24.311874,120.547551,0.32514074,0.048598208,-0.007856341,0.236699029,1,0,0,0,0,0,0
Bare mudflat,23.99074,120.329666,0.238231054,0.088036191,0.003311258,0.634814392,0,0,0,0,0,0,0
Bare mudflat,23.732856,120.172488,0.310264825,0.009270887,-0.037442923,0.428424536,0,0,0,0,0,0,0
Bare mudflat,24.374858,120.580534,0.296594059,0.010954047,0.042688467,0.054848658,0,0,0,0,0,0,0
Bare mudflat,23.9317,120.31327,0.386274824,0.554031442,-0.02004717,0.3184601,0,0,0,0,0,0,1
Bare mudflat,23.7338,120.172702,0.3293966,0.001743721,-0.017985612,0.518283891,0,0,0,0,0,0,0
Bare mudflat,24.459274,120.645012,0.285400967,0.004784873,0.011083744,0.437681325,0,0,0,0,0,0,0
Bolboschoenus planieulmis,24.363765,120.57773,0.213972893,0.00683316,-0.089755215,0.106877579,0,0,0,0,0,0,0
Bare mudflat,24.328275,120.5498167,0.303463447,0.0596,0.045011691,0.098298115,0,0,0,0,0,0,0
Bolboschoenus planieulmis,24.311301,120.547317,0.305581689,0.07723928,0.017316017,0.175088521,1,0,0,0,0,0,0
Bare mudflat,24.19385,120.479667,0.303463447,0.0936,0.04438675,0.360871735,0,0,0,0,0,0,1
Bare mudflat,24.31016,120.54643,0.331965705,0.0736,0.044208038,0.411982199,0,0,0,0,0,0,0
Bare mudflat,24.31519722,120.5448333,0.303463447,0.0896,0.043974872,0.483193648,0,0,0,0,0,0,0
Bare mudflat,24.049571,120.374174,0.301852293,0.090645091,0.006782216,0.544842947,1,0,0,0,0,0,0
Bare mudflat,24.31336111,120.5288611,0.303463447,0.0536,0.042363043,0.448806548,0,0,0,0,0,0,0
Bare mudflat,24.424058,120.613317,0.272231409,0.003039725,0.055621304,0.082615648,0,0,0,0,0,0,0
Bare mudflat,24.050362,120.378413,0.316243153,0.007230306,-0.053913042,0.702364363,0,0,0,0,0,0,0
Bare mudflat,24.31828,120.5452,0.428238675,0.070005,0.040757513,0.451418233,0,0,0,0,0,0,0
Bare mudflat,24.047947,120.375661,0.308902107,0.014590062,-0.019672131,0.354620217,0,0,0,0,0,0,0
Bare mudflat,23.736271,120.173375,0.240454297,0.019373507,-0.017296605,0.00187921,0,0,0,0,0,0,0
Bare mudflat,24.32304722,120.5478194,0.303463447,0.0856,0.040515057,0.00865559,0,0,0,0,0,0,0
Bare mudflat,24.314514,120.545225,0.281741986,0.0129613,-0.04318937,0.364878496,0,0,0,0,0,0,0
Bare mudflat,24.31188889,120.5324167,0.303463447,0.0536,0.03819911,0.281414498,0,0,0,0,0,0,0
Bare mudflat,23.870417,120.280467,0.567291759,0.3936,0.038011654,0.249526249,0,0,0,0,0,0,1
Bare mudflat,23.38493,120.15096,0.045841971,0.003238869,0.010309278,8.64E-05,0,0,0,0,0,0,0
Bare mudflat,23.864933,120.26395,0.560075203,0.3136,0.037312227,0.004538246,0,0,0,0,0,0,1
Bare mudflat,23.991417,120.330619,0.237326014,0.015640062,-0.0463353,0.630371216,1,0,0,0,0,0,1
Sporobolus spp,24.32272222,120.5436056,0.303463447,0.2796,0.037094768,0.125898152,1,0,0,0,0,1,0
Bare mudflat,23.928655,120.302273,0.475307884,0.42038735,-0.011532125,0.627596682,1,0,0,0,0,0,1
Bare mudflat,24.316281,120.544641,0.297995256,0.0235187,-0.03102962,0.536863824,0,0,0,0,0,0,0
Bare mudflat,24.315004,120.543137,0.294750663,0.008819,-0.05370844,0.363308116,0,0,0,0,0,0,0
Bolboschoenus planieulmis,24.318881,120.5478,0.262467851,0.228852038,0.037656903,0.175088521,1,0,0,0,0,0,1
Bare mudflat,24.31654,120.54553,0.319377573,0.0219308,-0.018414732,0.474770747,0,0,0,0,0,0,0
Bare mudflat,24.31361111,120.5426111,0.303463447,0.0796,0.033960032,0.745228643,0,0,0,0,0,0,0
Bare mudflat,23.993078,120.335752,0.279328708,0.006579735,0.001414427,0.423426613,0,0,0,0,0,0,0
Bare mudflat,24.040812,120.370635,0.324487959,0.009768604,-0.06009852,0.911616219,0,0,0,0,0,0,0
Bare mudflat,24.30731667,120.5408667,0.303463447,0.0536,0.032607182,0.3166005,0,0,0,0,0,0,0
Bolboschoenus planieulmis,24.318343,120.547398,0.33654765,0.14856966,0.002288329,0.175088521,1,0,0,0,0,0,0
Bare mudflat,23.928013,120.312588,0.441696854,0.341636488,-0.05126877,0.193340343,0,1,0,0,0,0,1
Bare mudflat,24.046348,120.378264,0.324219511,0.021907809,-0.04477612,0.452027413,0,0,0,0,0,0,0
Bare mudflat,24.32332222,120.5431944,0.303463447,0.0556,0.028264813,0.125623683,0,0,0,0,0,0,0
Bare mudflat,24.31033333,120.5428611,0.303463447,0.0536,0.028041808,0.603073077,0,0,0,0,0,0,0
Bare mudflat,23.927889,120.306021,0.223879783,0.23942583,-0.020847343,0.697055731,0,0,0,0,0,0,1
Bare mudflat,23.406735,120.148862,0.255274546,0.007431448,-0.07587253,0.004792002,0,0,0,0,0,0,0
Bare mudflat,24.039722,120.373297,0.272625804,0.237230163,-0.0678659,0.255339806,1,0,0,0,0,0,0
Bare mudflat,23.89565,120.296383,0.750387844,0.9115075,0.026945174,0.442507421,0,0,0,0,0,0,1
Bare mudflat,24.313649,120.544042,0.267810582,0.043534742,-0.025362318,0.707427785,0,0,0,0,0,0,0
Bare mudflat,23.928444,120.304045,0.441953451,0.360639108,-0.012658228,0.621918448,1,0,0,0,0,0,1
Bare mudflat,23.93005,120.31262,0.361141536,0.299090798,-0.041208792,0.364213109,0,0,0,0,0,0,1
Bare mudflat,24.193617,120.5058,0.418782062,0.4584,0.025689455,0.412643487,0,1,0,0,0,0,0
Bare mudflat,23.92907,120.305827,0.32312307,0.283337555,0,0.467624723,1,1,0,0,0,0,1
Bare mudflat,23.404817,120.149797,0.245966647,0.005534587,-0.049963795,0.26826017,0,0,0,0,0,0,0
Bare mudflat,24.312993,120.546295,0.317312046,0.058599686,-0.19277108,0.235946813,0,0,0,0,0,0,1
Bare mudflat,24.363719,120.577344,0.310351634,0.007482304,0.018994413,0.031946355,0,0,0,0,0,0,0
Bare mudflat,23.92563,120.312935,0.578432982,0.400310303,0.009424084,0.119067648,0,0,0,0,0,0,1
Bare mudflat,24.316071,120.543692,0.308241858,0.0208658,-0.014276003,0.381556625,0,0,0,0,0,0,0
Bare mudflat,23.8906,120.294567,0.658477793,0.993255,0.021479341,0.405868,0,0,0,0,0,0,1
Bare mudflat,23.925636,120.305439,0.264671266,0.019994343,-0.025219942,0.590816684,0,0,0,0,0,0,0
Bare mudflat,24.314452,120.543079,0.287771424,0.005235729,-0.048877146,0.371435122,0,0,0,0,0,0,0
Bare mudflat,23.887967,120.293467,0.75163043,0.4736,0.016889744,0.474092148,0,0,0,0,0,0,1
Bare mudflat,23.893083,120.295683,0.633951792,0.96790625,0.016430804,0.28116384,0,0,0,0,0,0,1
Bare mudflat,23.992295,120.333313,0.267443938,0.004688583,-0.15618661,0.529754426,0,0,0,0,0,0,0
Bare mudflat,24.32260556,120.5421167,0.303463447,0.1596,0.015640147,0.020492084,0,0,0,0,0,0,0
Bare mudflat,24.015742,120.346004,0.345767616,0.010861754,-0.012173913,0.544283267,0,0,0,0,0,0,0
Bare mudflat,23.932011,120.307747,0.216111355,0.120429056,-0.037667073,0.520247692,0,0,0,0,0,0,1
Bare mudflat,24.69946,120.85634,0.303463447,0.02430243,0.012914707,0.001146601,0,0,0,0,0,0,0
Bare mudflat,24.3977,120.5905,0.343846491,0.0754,0.009427674,0.342176842,0,0,0,0,0,0,0
Bolboschoenus planieulmis,24.319553,120.547467,0.2865575,0.115971401,-0.026515152,0.261804683,1,0,0,0,0,0,1
Bolboschoenus planieulmis,24.317957,120.548234,0.289905737,0.220092619,0.041841004,0.175088521,1,0,0,0,0,0,0
Bare mudflat,22.478572,120.417415,0.145959295,0.006084302,-0.01988304,0.010679612,0,0,0,0,0,0,0
Bare mudflat,23.932848,120.305204,0.308615234,0.141706091,-0.019561352,0.519756981,1,0,0,0,0,0,1
Bare mudflat,23.932544,120.305207,0.328403086,0.202652791,-0.007982969,0.493854422,0,0,0,0,0,0,1
Bare mudflat,23.990479,120.342098,0.348860637,0.193798795,0.0048,0.345711022,1,0,0,0,0,0,0
Bare mudflat,24.011697,120.351716,0.295643885,0.008521458,-0.057613168,0.483483724,0,0,0,0,0,0,0
Bare mudflat,24.5266,120.9133,0.303463447,0.1964977,0,0.098298115,0,1,0,0,0,0,1
Bare mudflat,24.3465,120.56178,0.211028669,0.00266475,0,0.098298115,0,0,0,0,0,0,0
Bare mudflat,22.478683,120.416862,0.305674713,0.050625037,0.033067275,0.010679612,0,0,0,0,0,0,0
Bare mudflat,24.31096389,120.5407389,0.303463447,0.0736,-0.017649912,0.514605695,0,0,0,0,0,0,0
Bare mudflat,23.932723,120.305829,0.335493242,0.300408962,-0.028761063,0.49970791,1,0,0,0,0,0,1
Bolboschoenus planieulmis,24.164992,120.459577,0.344536528,0.194595399,-0.020434227,0.330508281,1,0,0,0,0,0,1
Bare mudflat,23.2904,120.1418,0.303463447,0.37,-0.12988192,0.00431433,1,1,0,0,1,0,0
Bare mudflat,24.313905,120.543085,0.29021652,0.016442345,-0.029354207,0.448464007,0,0,0,0,0,0,0
Bare mudflat,22.478492,120.416118,0.284869849,0.262431642,-0.015723271,0.010679612,1,1,0,0,1,0,0
Bare mudflat,22.47888,120.415716,0.227053368,0.015107758,0.025125628,0.010679612,0,0,0,0,0,0,0
Bare mudflat,22.479508,120.414697,0.641627282,0.234175779,0.1459566,0.010679612,0,1,0,0,1,0,0
Bare mudflat,24.32340833,120.5455583,0.303463447,0.0696,-0.112862044,0.00865559,0,0,0,0,0,0,1
Bare mudflat,24.33948,120.55506,0.464419807,0.1778,-0.187479901,0.098298115,0,0,0,0,0,0,0
Bare mudflat,23.272,120.0973,0.303463447,0.08,-0.3961039,0.923586583,0,0,0,0,0,0,0
Bare mudflat,24.185408,120.508076,0.379072874,0.383795964,-0.051194537,0.297727013,1,1,0,0,0,0,0
Bare mudflat,22.478424,120.417943,0.239409646,0.005184873,0.004444445,0.010679612,0,0,0,0,0,0,0
